model,hour,regime,mae,n
lgbm-nohijri,0,aggregate,694.167916558785,456
lgbm-nohijri,1,aggregate,670.8502531283511,456
lgbm-nohijri,2,aggregate,660.3866306291499,456
lgbm-nohijri,3,aggregate,679.6762212763368,456
lgbm-nohijri,4,aggregate,788.8992191039242,456
lgbm-nohijri,5,aggregate,1011.6444488543511,456
lgbm-nohijri,6,aggregate,1153.0952581716217,456
lgbm-nohijri,7,aggregate,1286.64368169194,456
lgbm-nohijri,8,aggregate,1381.0378949061028,456
lgbm-nohijri,9,aggregate,1254.0243515915608,456
lgbm-nohijri,10,aggregate,1393.9814923993738,456
lgbm-nohijri,11,aggregate,1494.4450138654765,456
lgbm-nohijri,12,aggregate,1455.912882624404,456
lgbm-nohijri,13,aggregate,1459.0292609578107,456
lgbm-nohijri,14,aggregate,1363.1754774332394,456
lgbm-nohijri,15,aggregate,1143.9564847784607,456
lgbm-nohijri,16,aggregate,998.6668757537005,456
lgbm-nohijri,17,aggregate,1005.6124091769157,456
lgbm-nohijri,18,aggregate,895.2126296621552,456
lgbm-nohijri,19,aggregate,785.6262277307351,456
lgbm-nohijri,20,aggregate,747.9449161735768,456
lgbm-nohijri,21,aggregate,612.402308475463,456
lgbm-nohijri,22,aggregate,583.5728871546246,456
lgbm-nohijri,23,aggregate,558.0502459484949,456
lgbm-nohijri,0,Heatwave,1105.2814510065398,64
lgbm-nohijri,1,Heatwave,1053.9169530037684,64
lgbm-nohijri,2,Heatwave,920.6465473882683,64
lgbm-nohijri,3,Heatwave,874.8479139388612,64
lgbm-nohijri,4,Heatwave,925.2839140004106,64
lgbm-nohijri,5,Heatwave,1181.8341093605977,64
lgbm-nohijri,6,Heatwave,1349.333038892164,64
lgbm-nohijri,7,Heatwave,2043.2758437416217,64
lgbm-nohijri,8,Heatwave,2634.943678710508,64
lgbm-nohijri,9,Heatwave,2178.309552531631,64
lgbm-nohijri,10,Heatwave,2557.8026113951737,64
lgbm-nohijri,11,Heatwave,3154.891023341074,64
lgbm-nohijri,12,Heatwave,2985.07672684669,64
lgbm-nohijri,13,Heatwave,2924.826279971976,64
lgbm-nohijri,14,Heatwave,2417.8269651099927,64
lgbm-nohijri,15,Heatwave,1602.8534000853588,64
lgbm-nohijri,16,Heatwave,1513.566472391467,64
lgbm-nohijri,17,Heatwave,2038.0306548055792,64
lgbm-nohijri,18,Heatwave,1785.9798592264087,64
lgbm-nohijri,19,Heatwave,1416.7964574258926,64
lgbm-nohijri,20,Heatwave,1249.6279466215087,64
lgbm-nohijri,21,Heatwave,956.7144641021738,64
lgbm-nohijri,22,Heatwave,891.2022762592046,64
lgbm-nohijri,23,Heatwave,890.0686340928787,64
lgbm-nohijri,0,Normal,611.2566160464822,333
lgbm-nohijri,1,Normal,571.3362991374185,333
lgbm-nohijri,2,Normal,581.3456430031738,333
lgbm-nohijri,3,Normal,646.926562027228,333
lgbm-nohijri,4,Normal,773.6347684310134,333
lgbm-nohijri,5,Normal,963.9231760612273,333
lgbm-nohijri,6,Normal,1096.2918547044917,333
lgbm-nohijri,7,Normal,1141.6248135694864,333
lgbm-nohijri,8,Normal,1171.6997924939826,333
lgbm-nohijri,9,Normal,1092.058056985228,333
lgbm-nohijri,10,Normal,1201.3853204326977,333
lgbm-nohijri,11,Normal,1209.323302359283,333
lgbm-nohijri,12,Normal,1206.9764334735169,333
lgbm-nohijri,13,Normal,1237.291383450372,333
lgbm-nohijri,14,Normal,1212.6619160187004,333
lgbm-nohijri,15,Normal,1095.8017311617778,333
lgbm-nohijri,16,Normal,939.6716113155438,333
lgbm-nohijri,17,Normal,857.5890542181819,333
lgbm-nohijri,18,Normal,755.3154717868925,333
lgbm-nohijri,19,Normal,679.0154341733949,333
lgbm-nohijri,20,Normal,669.4132853344134,333
lgbm-nohijri,21,Normal,569.5566778658285,333
lgbm-nohijri,22,Normal,547.1779554442073,333
lgbm-nohijri,23,Normal,509.82832681623586,333
lgbm-nohijri,0,Ramadan,716.1712532696429,59
lgbm-nohijri,1,Ramadan,816.9837766360448,59
lgbm-nohijri,2,Ramadan,824.1834815929877,59
lgbm-nohijri,3,Ramadan,652.8058517772117,59
lgbm-nohijri,4,Ramadan,727.1100936921301,59
lgbm-nohijri,5,Ramadan,1096.3740347477492,59
lgbm-nohijri,6,Ramadan,1260.8294172977153,59
lgbm-nohijri,7,Ramadan,1284.3864734478266,59
lgbm-nohijri,8,Ramadan,1202.387351512106,59
lgbm-nohijri,9,Ramadan,1165.5586438584157,59
lgbm-nohijri,10,Ramadan,1218.5573169616105,59
lgbm-nohijri,11,Ramadan,1302.5295109014796,59
lgbm-nohijri,12,Ramadan,1202.1730781671017,59
lgbm-nohijri,13,Ramadan,1120.5157693149374,59
lgbm-nohijri,14,Ramadan,1068.6554899710227,59
lgbm-nohijri,15,Ramadan,917.9586945193741,59
lgbm-nohijri,16,Ramadan,773.1049922467372,59
lgbm-nohijri,17,Ramadan,721.1549427535919,59
lgbm-nohijri,18,Ramadan,718.5456954308023,59
lgbm-nohijri,19,Ramadan,702.6855422070769,59
lgbm-nohijri,20,Ramadan,646.9842233053353,59
lgbm-nohijri,21,Ramadan,480.73480055849313,59
lgbm-nohijri,22,Ramadan,455.28867286438424,59
lgbm-nohijri,23,Ramadan,470.0624871315745,59
lgbm-hijri,0,aggregate,671.1194276417622,456
lgbm-hijri,1,aggregate,643.6300312773875,456
lgbm-hijri,2,aggregate,640.8819936021068,456
lgbm-hijri,3,aggregate,686.8426335720028,456
lgbm-hijri,4,aggregate,757.3183615861253,456
lgbm-hijri,5,aggregate,961.7699919882233,456
lgbm-hijri,6,aggregate,1127.2050435452047,456
lgbm-hijri,7,aggregate,1244.1803290751993,456
lgbm-hijri,8,aggregate,1361.5840189825544,456
lgbm-hijri,9,aggregate,1228.6243308761761,456
lgbm-hijri,10,aggregate,1354.2203540080184,456
lgbm-hijri,11,aggregate,1467.8872584342537,456
lgbm-hijri,12,aggregate,1425.317667537114,456
lgbm-hijri,13,aggregate,1425.3667629436598,456
lgbm-hijri,14,aggregate,1313.232629518712,456
lgbm-hijri,15,aggregate,1120.6662150237762,456
lgbm-hijri,16,aggregate,997.2739206122558,456
lgbm-hijri,17,aggregate,974.1407202554991,456
lgbm-hijri,18,aggregate,873.5932047740163,456
lgbm-hijri,19,aggregate,775.6629826545102,456
lgbm-hijri,20,aggregate,711.8264216888296,456
lgbm-hijri,21,aggregate,594.9463025664251,456
lgbm-hijri,22,aggregate,576.037281228745,456
lgbm-hijri,23,aggregate,562.7081565776626,456
lgbm-hijri,0,Heatwave,1150.0900457997018,64
lgbm-hijri,1,Heatwave,999.7641926596485,64
lgbm-hijri,2,Heatwave,955.4045412179089,64
lgbm-hijri,3,Heatwave,925.3160895654132,64
lgbm-hijri,4,Heatwave,944.4091731236922,64
lgbm-hijri,5,Heatwave,1155.078798939615,64
lgbm-hijri,6,Heatwave,1383.2529830166236,64
lgbm-hijri,7,Heatwave,2026.6798981416123,64
lgbm-hijri,8,Heatwave,2691.434573903678,64
lgbm-hijri,9,Heatwave,2211.0265331929786,64
lgbm-hijri,10,Heatwave,2558.1430582040193,64
lgbm-hijri,11,Heatwave,3183.0463907207777,64
lgbm-hijri,12,Heatwave,3005.3640897949863,64
lgbm-hijri,13,Heatwave,2909.5641902081206,64
lgbm-hijri,14,Heatwave,2382.2827252693382,64
lgbm-hijri,15,Heatwave,1520.1113660200733,64
lgbm-hijri,16,Heatwave,1403.8285608304554,64
lgbm-hijri,17,Heatwave,1929.5902748365934,64
lgbm-hijri,18,Heatwave,1767.4982556441719,64
lgbm-hijri,19,Heatwave,1410.569085124334,64
lgbm-hijri,20,Heatwave,1258.5458633146802,64
lgbm-hijri,21,Heatwave,983.620516230991,64
lgbm-hijri,22,Heatwave,949.231976976072,64
lgbm-hijri,23,Heatwave,927.195821940863,64
lgbm-hijri,0,Normal,592.8465414163406,333
lgbm-hijri,1,Normal,557.3738116304304,333
lgbm-hijri,2,Normal,552.5196313445124,333
lgbm-hijri,3,Normal,647.3200111097534,333
lgbm-hijri,4,Normal,743.3345219167805,333
lgbm-hijri,5,Normal,940.2551946145966,333
lgbm-hijri,6,Normal,1086.4919669176688,333
lgbm-hijri,7,Normal,1111.7171898951617,333
lgbm-hijri,8,Normal,1161.1141288457125,333
lgbm-hijri,9,Normal,1080.2856906455968,333
lgbm-hijri,10,Normal,1172.541600338234,333
lgbm-hijri,11,Normal,1192.62692977332,333
lgbm-hijri,12,Normal,1187.0935214865735,333
lgbm-hijri,13,Normal,1216.4527685924324,333
lgbm-hijri,14,Normal,1171.805352427295,333
lgbm-hijri,15,Normal,1095.3891088609992,333
lgbm-hijri,16,Normal,966.7928401781539,333
lgbm-hijri,17,Normal,844.553688423534,333
lgbm-hijri,18,Normal,736.998424992522,333
lgbm-hijri,19,Normal,679.3274226953039,333
lgbm-hijri,20,Normal,634.5245555739072,333
lgbm-hijri,21,Normal,546.6665864689837,333
lgbm-hijri,22,Normal,527.4530279862483,333
lgbm-hijri,23,Normal,518.7321002649285,333
lgbm-hijri,0,Ramadan,593.3355556240883,59
lgbm-hijri,1,Ramadan,744.1509603277607,59
lgbm-hijri,2,Ramadan,798.4281560490161,59
lgbm-hijri,3,Ramadan,651.2279233406601,59
lgbm-hijri,4,Ramadan,633.298135679134,59
lgbm-hijri,5,Ramadan,873.5100577598937,59
lgbm-hijri,6,Ramadan,1079.2454908468767,59
lgbm-hijri,7,Ramadan,1142.9981752904887,59
lgbm-hijri,8,Ramadan,1050.4999156031733,59
lgbm-hijri,9,Ramadan,1000.201046952573,59
lgbm-hijri,10,Ramadan,1073.6775049146986,59
lgbm-hijri,11,Ramadan,1160.963613989395,59
lgbm-hijri,12,Ramadan,1055.9222372036602,59
lgbm-hijri,13,Ramadan,994.5146404696468,59
lgbm-hijri,14,Ramadan,951.8102082204391,59
lgbm-hijri,15,Ramadan,830.0354809295679,59
lgbm-hijri,16,Ramadan,728.3027818087152,59
lgbm-hijri,17,Ramadan,669.11885765981,59
lgbm-hijri,18,Ramadan,674.8836863256712,59
lgbm-hijri,19,Ramadan,630.6757099146287,59
lgbm-hijri,20,Ramadan,555.0717971500964,59
lgbm-hijri,21,Ramadan,445.8275870734716,59
lgbm-hijri,22,Ramadan,445.42873549861673,59
lgbm-hijri,23,Ramadan,415.5355492708097,59
chronos-bolt-L720,0,aggregate,620.2595454701208,456
chronos-bolt-L720,1,aggregate,655.1262326959978,456
chronos-bolt-L720,2,aggregate,657.8656321957237,456
chronos-bolt-L720,3,aggregate,675.6921068050985,456
chronos-bolt-L720,4,aggregate,772.5031238007127,456
chronos-bolt-L720,5,aggregate,1055.3641839706688,456
chronos-bolt-L720,6,aggregate,1166.3663039679275,456
chronos-bolt-L720,7,aggregate,1203.992039645011,456
chronos-bolt-L720,8,aggregate,1257.465454187226,456
chronos-bolt-L720,9,aggregate,1259.2350870339912,456
chronos-bolt-L720,10,aggregate,1416.200788788377,456
chronos-bolt-L720,11,aggregate,1367.287425815515,456
chronos-bolt-L720,12,aggregate,1344.2287136787281,456
chronos-bolt-L720,13,aggregate,1275.3430849095396,456
chronos-bolt-L720,14,aggregate,1169.3615625000002,456
chronos-bolt-L720,15,aggregate,1000.9239764939692,456
chronos-bolt-L720,16,aggregate,946.5691361705044,456
chronos-bolt-L720,17,aggregate,912.9412978001644,456
chronos-bolt-L720,18,aggregate,894.5708177425987,456
chronos-bolt-L720,19,aggregate,846.8366702645285,456
chronos-bolt-L720,20,aggregate,802.821778029057,456
chronos-bolt-L720,21,aggregate,680.3513336074561,456
chronos-bolt-L720,22,aggregate,639.4641512472588,456
chronos-bolt-L720,23,aggregate,631.967435752467,456
chronos-bolt-L720,0,Heatwave,856.7792907714846,64
chronos-bolt-L720,1,Heatwave,822.5994946289065,64
chronos-bolt-L720,2,Heatwave,856.0052404785154,64
chronos-bolt-L720,3,Heatwave,916.7289672851562,64
chronos-bolt-L720,4,Heatwave,847.7746411132814,64
chronos-bolt-L720,5,Heatwave,1188.8846276855465,64
chronos-bolt-L720,6,Heatwave,1362.2985107421882,64
chronos-bolt-L720,7,Heatwave,1424.2406420898437,64
chronos-bolt-L720,8,Heatwave,1472.0690161132816,64
chronos-bolt-L720,9,Heatwave,1444.4672314453123,64
chronos-bolt-L720,10,Heatwave,1621.0303662109372,64
chronos-bolt-L720,11,Heatwave,1610.1325048828126,64
chronos-bolt-L720,12,Heatwave,1592.571630859375,64
chronos-bolt-L720,13,Heatwave,1484.7248583984376,64
chronos-bolt-L720,14,Heatwave,1453.5755859375004,64
chronos-bolt-L720,15,Heatwave,1303.9149609374997,64
chronos-bolt-L720,16,Heatwave,1279.4934155273434,64
chronos-bolt-L720,17,Heatwave,1305.8476708984372,64
chronos-bolt-L720,18,Heatwave,1212.097900390625,64
chronos-bolt-L720,19,Heatwave,1148.7104199218752,64
chronos-bolt-L720,20,Heatwave,1205.9902905273439,64
chronos-bolt-L720,21,Heatwave,1059.2562487792968,64
chronos-bolt-L720,22,Heatwave,944.6470251464841,64
chronos-bolt-L720,23,Heatwave,895.5191381835936,64
chronos-bolt-L720,0,Normal,571.8967935904656,333
chronos-bolt-L720,1,Normal,585.5017485454205,333
chronos-bolt-L720,2,Normal,580.0435076482732,333
chronos-bolt-L720,3,Normal,605.9884070007506,333
chronos-bolt-L720,4,Normal,697.1094453828828,333
chronos-bolt-L720,5,Normal,947.2051449887387,333
chronos-bolt-L720,6,Normal,1067.8350490334083,333
chronos-bolt-L720,7,Normal,1112.443478322072,333
chronos-bolt-L720,8,Normal,1189.00740381006,333
chronos-bolt-L720,9,Normal,1195.2419169951202,333
chronos-bolt-L720,10,Normal,1362.9044195758256,333
chronos-bolt-L720,11,Normal,1314.0902611204954,333
chronos-bolt-L720,12,Normal,1292.1655391328832,333
chronos-bolt-L720,13,Normal,1223.0276316159911,333
chronos-bolt-L720,14,Normal,1110.1510918731233,333
chronos-bolt-L720,15,Normal,951.5863954579579,333
chronos-bolt-L720,16,Normal,862.8322447447448,333
chronos-bolt-L720,17,Normal,834.7785062406156,333
chronos-bolt-L720,18,Normal,831.628063766892,333
chronos-bolt-L720,19,Normal,786.8687202045794,333
chronos-bolt-L720,20,Normal,736.7612682995494,333
chronos-bolt-L720,21,Normal,636.689027073949,333
chronos-bolt-L720,22,Normal,604.3169254410661,333
chronos-bolt-L720,23,Normal,596.7212957488739,333
chronos-bolt-L720,0,Ramadan,636.6584043961864,59
chronos-bolt-L720,1,Ramadan,866.4256302966098,59
chronos-bolt-L720,2,Ramadan,882.1678787076269,59
chronos-bolt-L720,3,Ramadan,807.6408011122882,59
chronos-bolt-L720,4,Ramadan,1116.3796967690676,59
chronos-bolt-L720,5,Ramadan,1520.9853972457624,59
chronos-bolt-L720,6,Ramadan,1509.946755826271,59
chronos-bolt-L720,7,Ramadan,1481.7845881885594,59
chronos-bolt-L720,8,Ramadan,1411.0570272775428,59
chronos-bolt-L720,9,Ramadan,1419.4870934851701,59
chronos-bolt-L720,10,Ramadan,1494.8210937499998,59
chronos-bolt-L720,11,Ramadan,1404.110659427966,59
chronos-bolt-L720,12,Ramadan,1368.6878734110164,59
chronos-bolt-L720,13,Ramadan,1343.4890585275423,59
chronos-bolt-L720,14,Ramadan,1195.2495153601694,59
chronos-bolt-L720,15,Ramadan,950.7204422669488,59
chronos-bolt-L720,16,Ramadan,1058.0476271186437,59
chronos-bolt-L720,17,Ramadan,927.8938691737287,59
chronos-bolt-L720,18,Ramadan,905.3878310381353,59
chronos-bolt-L720,19,Ramadan,857.8435752118642,59
chronos-bolt-L720,20,Ramadan,738.3364380296612,59
chronos-bolt-L720,21,Ramadan,515.7688506355929,59
chronos-bolt-L720,22,Ramadan,506.791647245763,59
chronos-bolt-L720,23,Ramadan,545.0124470338986,59
timesfm-2.5-L168,0,aggregate,868.9419580934759,456
timesfm-2.5-L168,1,aggregate,864.7762530838817,456
timesfm-2.5-L168,2,aggregate,879.8952979372258,456
timesfm-2.5-L168,3,aggregate,866.0403657826205,456
timesfm-2.5-L168,4,aggregate,895.2770271381578,456
timesfm-2.5-L168,5,aggregate,1463.7168314830044,456
timesfm-2.5-L168,6,aggregate,1589.3788089364034,456
timesfm-2.5-L168,7,aggregate,1515.1134462376644,456
timesfm-2.5-L168,8,aggregate,1521.4156698876097,456
timesfm-2.5-L168,9,aggregate,1472.378647375274,456
timesfm-2.5-L168,10,aggregate,1680.5195283374449,456
timesfm-2.5-L168,11,aggregate,1521.987056263706,456
timesfm-2.5-L168,12,aggregate,1521.8623888089367,456
timesfm-2.5-L168,13,aggregate,1463.7597109717653,456
timesfm-2.5-L168,14,aggregate,1364.9641118421052,456
timesfm-2.5-L168,15,aggregate,1173.3467973889803,456
timesfm-2.5-L168,16,aggregate,1083.7857235128838,456
timesfm-2.5-L168,17,aggregate,1048.6956904468202,456
timesfm-2.5-L168,18,aggregate,1013.0163721559758,456
timesfm-2.5-L168,19,aggregate,942.3254999314692,456
timesfm-2.5-L168,20,aggregate,908.7132848478618,456
timesfm-2.5-L168,21,aggregate,815.2040111019737,456
timesfm-2.5-L168,22,aggregate,819.7571599163925,456
timesfm-2.5-L168,23,aggregate,861.9784834155703,456
timesfm-2.5-L168,0,Heatwave,1142.2650366210937,64
timesfm-2.5-L168,1,Heatwave,1101.4260937500003,64
timesfm-2.5-L168,2,Heatwave,1164.338682861328,64
timesfm-2.5-L168,3,Heatwave,1234.4935021972653,64
timesfm-2.5-L168,4,Heatwave,1175.0179943847656,64
timesfm-2.5-L168,5,Heatwave,1920.8951513671875,64
timesfm-2.5-L168,6,Heatwave,1967.9615625000006,64
timesfm-2.5-L168,7,Heatwave,1952.0166772460939,64
timesfm-2.5-L168,8,Heatwave,2027.7184472656254,64
timesfm-2.5-L168,9,Heatwave,2034.9619482421872,64
timesfm-2.5-L168,10,Heatwave,2191.0323876953125,64
timesfm-2.5-L168,11,Heatwave,1960.8033032226563,64
timesfm-2.5-L168,12,Heatwave,1948.5534716796874,64
timesfm-2.5-L168,13,Heatwave,1904.9674047851565,64
timesfm-2.5-L168,14,Heatwave,1980.8928515624998,64
timesfm-2.5-L168,15,Heatwave,1708.734990234375,64
timesfm-2.5-L168,16,Heatwave,1640.5795849609374,64
timesfm-2.5-L168,17,Heatwave,1648.4432055664063,64
timesfm-2.5-L168,18,Heatwave,1567.3505615234376,64
timesfm-2.5-L168,19,Heatwave,1458.27056640625,64
timesfm-2.5-L168,20,Heatwave,1465.415515136719,64
timesfm-2.5-L168,21,Heatwave,1312.6264990234376,64
timesfm-2.5-L168,22,Heatwave,1224.9272106933595,64
timesfm-2.5-L168,23,Heatwave,1245.971258544922,64
timesfm-2.5-L168,0,Normal,828.5964529373123,333
timesfm-2.5-L168,1,Normal,823.4353399493243,333
timesfm-2.5-L168,2,Normal,815.6892839714715,333
timesfm-2.5-L168,3,Normal,788.2906085773272,333
timesfm-2.5-L168,4,Normal,795.6578795983482,333
timesfm-2.5-L168,5,Normal,1361.6984926332582,333
timesfm-2.5-L168,6,Normal,1480.5350757789038,333
timesfm-2.5-L168,7,Normal,1402.0233495213963,333
timesfm-2.5-L168,8,Normal,1401.9525075075076,333
timesfm-2.5-L168,9,Normal,1344.1372442755253,333
timesfm-2.5-L168,10,Normal,1571.28197118994,333
timesfm-2.5-L168,11,Normal,1419.669563626126,333
timesfm-2.5-L168,12,Normal,1419.2188243712462,333
timesfm-2.5-L168,13,Normal,1367.5022398179428,333
timesfm-2.5-L168,14,Normal,1273.6125797672673,333
timesfm-2.5-L168,15,Normal,1091.253492164039,333
timesfm-2.5-L168,16,Normal,973.8567583990243,333
timesfm-2.5-L168,17,Normal,945.1101496809308,333
timesfm-2.5-L168,18,Normal,914.7937375656905,333
timesfm-2.5-L168,19,Normal,848.917487331081,333
timesfm-2.5-L168,20,Normal,817.1496661505255,333
timesfm-2.5-L168,21,Normal,745.1131808370869,333
timesfm-2.5-L168,22,Normal,755.5360972691441,333
timesfm-2.5-L168,23,Normal,795.8501703265765,333
timesfm-2.5-L168,0,Ramadan,800.1686731991529,59
timesfm-2.5-L168,1,Ramadan,841.4022576800844,59
timesfm-2.5-L168,2,Ramadan,933.7296371822032,59
timesfm-2.5-L168,3,Ramadan,905.1872881355928,59
timesfm-2.5-L168,4,Ramadan,1154.086420815678,59
timesfm-2.5-L168,5,Ramadan,1543.5930071504238,59
timesfm-2.5-L168,6,Ramadan,1793.0341803495762,59
timesfm-2.5-L168,7,Ramadan,1679.4726906779663,59
timesfm-2.5-L168,8,Ramadan,1646.4640651483055,59
timesfm-2.5-L168,9,Ramadan,1585.9219690148311,59
timesfm-2.5-L168,10,Ramadan,1743.2870458156774,59
timesfm-2.5-L168,11,Ramadan,1623.4698569915254,59
timesfm-2.5-L168,12,Ramadan,1638.33828125,59
timesfm-2.5-L168,13,Ramadan,1528.4452277542364,59
timesfm-2.5-L168,14,Ramadan,1212.4322616525421,59
timesfm-2.5-L168,15,Ramadan,1055.9269041313557,59
timesfm-2.5-L168,16,Ramadan,1100.2524735169488,59
timesfm-2.5-L168,17,Ramadan,982.765929555085,59
timesfm-2.5-L168,18,Ramadan,966.0799179025418,59
timesfm-2.5-L168,19,Ramadan,909.8574311440676,59
timesfm-2.5-L168,20,Ramadan,821.6241710805087,59
timesfm-2.5-L168,21,Ramadan,671.2244729872881,59
timesfm-2.5-L168,22,Ramadan,742.7186957097462,59
timesfm-2.5-L168,23,Ramadan,818.6766300317802,59
moirai-1.1-small-L336,0,aggregate,989.6302270079495,456
moirai-1.1-small-L336,1,aggregate,976.1685942639804,456
moirai-1.1-small-L336,2,aggregate,968.6958204838268,456
moirai-1.1-small-L336,3,aggregate,1197.1271780770285,456
moirai-1.1-small-L336,4,aggregate,1587.8178484786183,456
moirai-1.1-small-L336,5,aggregate,2886.695658408717,456
moirai-1.1-small-L336,6,aggregate,2966.408240988213,456
moirai-1.1-small-L336,7,aggregate,2691.084897546601,456
moirai-1.1-small-L336,8,aggregate,2744.8418912760417,456
moirai-1.1-small-L336,9,aggregate,2379.409092139528,456
moirai-1.1-small-L336,10,aggregate,2122.6896163993965,456
moirai-1.1-small-L336,11,aggregate,2107.443555030153,456
moirai-1.1-small-L336,12,aggregate,2043.1241152686407,456
moirai-1.1-small-L336,13,aggregate,1952.2658477247808,456
moirai-1.1-small-L336,14,aggregate,1983.5994130345396,456
moirai-1.1-small-L336,15,aggregate,1747.5445987527412,456
moirai-1.1-small-L336,16,aggregate,1443.6829999314689,456
moirai-1.1-small-L336,17,aggregate,1371.653118832237,456
moirai-1.1-small-L336,18,aggregate,1477.9077604166666,456
moirai-1.1-small-L336,19,aggregate,1465.4043040707234,456
moirai-1.1-small-L336,20,aggregate,1306.0208290501644,456
moirai-1.1-small-L336,21,aggregate,1033.9957843338816,456
moirai-1.1-small-L336,22,aggregate,967.6847669956139,456
moirai-1.1-small-L336,23,aggregate,1040.4169741981907,456
moirai-1.1-small-L336,0,Heatwave,1344.265853271484,64
moirai-1.1-small-L336,1,Heatwave,1450.9890478515626,64
moirai-1.1-small-L336,2,Heatwave,1126.1162573242184,64
moirai-1.1-small-L336,3,Heatwave,1363.6702246093753,64
moirai-1.1-small-L336,4,Heatwave,1630.2190832519534,64
moirai-1.1-small-L336,5,Heatwave,3371.4489221191407,64
moirai-1.1-small-L336,6,Heatwave,3118.314619140626,64
moirai-1.1-small-L336,7,Heatwave,3007.9580371093753,64
moirai-1.1-small-L336,8,Heatwave,3570.5269458007815,64
moirai-1.1-small-L336,9,Heatwave,2877.4594458007814,64
moirai-1.1-small-L336,10,Heatwave,2448.3185205078125,64
moirai-1.1-small-L336,11,Heatwave,2839.1693481445313,64
moirai-1.1-small-L336,12,Heatwave,2602.0625659179686,64
moirai-1.1-small-L336,13,Heatwave,2346.950234375,64
moirai-1.1-small-L336,14,Heatwave,2247.0640917968753,64
moirai-1.1-small-L336,15,Heatwave,2077.2265771484376,64
moirai-1.1-small-L336,16,Heatwave,1952.0285375976557,64
moirai-1.1-small-L336,17,Heatwave,2096.637326660156,64
moirai-1.1-small-L336,18,Heatwave,2166.9899145507816,64
moirai-1.1-small-L336,19,Heatwave,2293.931010742188,64
moirai-1.1-small-L336,20,Heatwave,1993.9091625976562,64
moirai-1.1-small-L336,21,Heatwave,1670.9266699218751,64
moirai-1.1-small-L336,22,Heatwave,1402.6143359374998,64
moirai-1.1-small-L336,23,Heatwave,1354.1462512207027,64
moirai-1.1-small-L336,0,Normal,927.2129713307056,333
moirai-1.1-small-L336,1,Normal,879.7295354729731,333
moirai-1.1-small-L336,2,Normal,917.4269284909909,333
moirai-1.1-small-L336,3,Normal,1154.7167365803302,333
moirai-1.1-small-L336,4,Normal,1525.597115944069,333
moirai-1.1-small-L336,5,Normal,2838.40852149024,333
moirai-1.1-small-L336,6,Normal,2925.2214634947445,333
moirai-1.1-small-L336,7,Normal,2631.818063063063,333
moirai-1.1-small-L336,8,Normal,2669.5805984891144,333
moirai-1.1-small-L336,9,Normal,2263.909601398273,333
moirai-1.1-small-L336,10,Normal,1967.202636308183,333
moirai-1.1-small-L336,11,Normal,1874.4159792605103,333
moirai-1.1-small-L336,12,Normal,1880.566817989865,333
moirai-1.1-small-L336,13,Normal,1862.7861139264262,333
moirai-1.1-small-L336,14,Normal,1977.4250872747748,333
moirai-1.1-small-L336,15,Normal,1774.9471222785285,333
moirai-1.1-small-L336,16,Normal,1371.5103326764265,333
moirai-1.1-small-L336,17,Normal,1257.1124056869367,333
moirai-1.1-small-L336,18,Normal,1392.0902834084084,333
moirai-1.1-small-L336,19,Normal,1344.2215235548047,333
moirai-1.1-small-L336,20,Normal,1211.526266188063,333
moirai-1.1-small-L336,21,Normal,945.6073573573574,333
moirai-1.1-small-L336,22,Normal,902.3130595439188,333
moirai-1.1-small-L336,23,Normal,994.399161739865,333
moirai-1.1-small-L336,0,Ramadan,957.2279568326272,59
moirai-1.1-small-L336,1,Ramadan,1005.4177052436436,59
moirai-1.1-small-L336,2,Ramadan,1087.2997709216102,59
moirai-1.1-small-L336,3,Ramadan,1255.8377211334746,59
moirai-1.1-small-L336,4,Ramadan,1893.0013215042377,59
moirai-1.1-small-L336,5,Ramadan,2633.3974841101694,59
moirai-1.1-small-L336,6,Ramadan,3034.0894054555088,59
moirai-1.1-small-L336,7,Ramadan,2681.864134004237,59
moirai-1.1-small-L336,8,Ramadan,2273.963365995763,59
moirai-1.1-small-L336,9,Ramadan,2491.0380376059325,59
moirai-1.1-small-L336,10,Ramadan,2647.044099576271,59
moirai-1.1-small-L336,11,Ramadan,2628.9305376059315,59
moirai-1.1-small-L336,12,Ramadan,2354.3024059851696,59
moirai-1.1-small-L336,13,Ramadan,2029.1633156779653,59
moirai-1.1-small-L336,14,Ramadan,1732.6555323093219,59
moirai-1.1-small-L336,15,Ramadan,1235.2617690677964,59
moirai-1.1-small-L336,16,Ramadan,1299.604759004237,59
moirai-1.1-small-L336,17,Ramadan,1231.7051218220342,59
moirai-1.1-small-L336,18,Ramadan,1214.7884719279655,59
moirai-1.1-small-L336,19,Ramadan,1250.6272987288132,59
moirai-1.1-small-L336,20,Ramadan,1093.1705932203386,59
moirai-1.1-small-L336,21,Ramadan,841.9579793432204,59
moirai-1.1-small-L336,22,Ramadan,864.8591088453392,59
moirai-1.1-small-L336,23,Ramadan,959.8281236758472,59
time-moe-200m-L720,0,aggregate,651.1224391790022,456
time-moe-200m-L720,1,aggregate,668.8082134046053,456
time-moe-200m-L720,2,aggregate,670.8852648711622,456
time-moe-200m-L720,3,aggregate,683.7939079632674,456
time-moe-200m-L720,4,aggregate,823.524916906524,456
time-moe-200m-L720,5,aggregate,1068.18263037966,456
time-moe-200m-L720,6,aggregate,1237.425187774123,456
time-moe-200m-L720,7,aggregate,1287.2143626644734,456
time-moe-200m-L720,8,aggregate,1312.9722541461074,456
time-moe-200m-L720,9,aggregate,1308.056429893092,456
time-moe-200m-L720,10,aggregate,1414.4822073739033,456
time-moe-200m-L720,11,aggregate,1415.3687258429275,456
time-moe-200m-L720,12,aggregate,1393.1070336485745,456
time-moe-200m-L720,13,aggregate,1305.3037253289474,456
time-moe-200m-L720,14,aggregate,1140.9551343201756,456
time-moe-200m-L720,15,aggregate,980.2721647135418,456
time-moe-200m-L720,16,aggregate,907.8141810581142,456
time-moe-200m-L720,17,aggregate,887.5535567434209,456
time-moe-200m-L720,18,aggregate,883.7455792557564,456
time-moe-200m-L720,19,aggregate,826.8119493558114,456
time-moe-200m-L720,20,aggregate,781.4409633703398,456
time-moe-200m-L720,21,aggregate,680.0321038925439,456
time-moe-200m-L720,22,aggregate,660.151158511513,456
time-moe-200m-L720,23,aggregate,673.3967881373356,456
time-moe-200m-L720,0,Heatwave,772.4536279296873,64
time-moe-200m-L720,1,Heatwave,742.2554736328129,64
time-moe-200m-L720,2,Heatwave,716.9921838378903,64
time-moe-200m-L720,3,Heatwave,726.1243652343749,64
time-moe-200m-L720,4,Heatwave,845.6509313964841,64
time-moe-200m-L720,5,Heatwave,1260.1741772460934,64
time-moe-200m-L720,6,Heatwave,1477.3603332519538,64
time-moe-200m-L720,7,Heatwave,1611.351999511719,64
time-moe-200m-L720,8,Heatwave,1672.4999658203128,64
time-moe-200m-L720,9,Heatwave,1719.1483886718747,64
time-moe-200m-L720,10,Heatwave,1765.9675341796874,64
time-moe-200m-L720,11,Heatwave,1768.9639404296872,64
time-moe-200m-L720,12,Heatwave,1750.1227807617188,64
time-moe-200m-L720,13,Heatwave,1650.1193750000004,64
time-moe-200m-L720,14,Heatwave,1536.882241210938,64
time-moe-200m-L720,15,Heatwave,1355.2056665039063,64
time-moe-200m-L720,16,Heatwave,1279.9019921875,64
time-moe-200m-L720,17,Heatwave,1289.2495239257812,64
time-moe-200m-L720,18,Heatwave,1289.4167749023436,64
time-moe-200m-L720,19,Heatwave,1217.9828466796876,64
time-moe-200m-L720,20,Heatwave,1123.1186621093752,64
time-moe-200m-L720,21,Heatwave,991.0162341308594,64
time-moe-200m-L720,22,Heatwave,918.2576477050777,64
time-moe-200m-L720,23,Heatwave,941.954248046875,64
time-moe-200m-L720,0,Normal,614.63394237988,333
time-moe-200m-L720,1,Normal,622.5978849943696,333
time-moe-200m-L720,2,Normal,618.40842553491,333
time-moe-200m-L720,3,Normal,636.4075584177928,333
time-moe-200m-L720,4,Normal,753.1227604166667,333
time-moe-200m-L720,5,Normal,976.2842274305557,333
time-moe-200m-L720,6,Normal,1132.9271267361112,333
time-moe-200m-L720,7,Normal,1172.2412767454953,333
time-moe-200m-L720,8,Normal,1208.894486204955,333
time-moe-200m-L720,9,Normal,1207.0637436655404,333
time-moe-200m-L720,10,Normal,1334.7783983201948,333
time-moe-200m-L720,11,Normal,1337.7952310904654,333
time-moe-200m-L720,12,Normal,1316.0935503472222,333
time-moe-200m-L720,13,Normal,1224.3030839433184,333
time-moe-200m-L720,14,Normal,1057.237908220721,333
time-moe-200m-L720,15,Normal,896.0167335304055,333
time-moe-200m-L720,16,Normal,806.3580316253756,333
time-moe-200m-L720,17,Normal,796.2383840090089,333
time-moe-200m-L720,18,Normal,792.3045694913664,333
time-moe-200m-L720,19,Normal,734.6638321133631,333
time-moe-200m-L720,20,Normal,706.5420896677925,333
time-moe-200m-L720,21,Normal,631.8083201951953,333
time-moe-200m-L720,22,Normal,616.8468062593843,333
time-moe-200m-L720,23,Normal,618.4967694256756,333
time-moe-200m-L720,0,Ramadan,725.4524960275423,59
time-moe-200m-L720,1,Ramadan,849.9508355402546,59
time-moe-200m-L720,2,Ramadan,917.0538188559321,59
time-moe-200m-L720,3,Ramadan,905.3278932733049,59
time-moe-200m-L720,4,Ramadan,1196.8783606991524,59
time-moe-200m-L720,5,Ramadan,1378.6014300847457,59
time-moe-200m-L720,6,Ramadan,1566.9506965042374,59
time-moe-200m-L720,7,Ramadan,1584.5233262711865,59
time-moe-200m-L720,8,Ramadan,1510.398070709746,59
time-moe-200m-L720,9,Ramadan,1432.135737552966,59
time-moe-200m-L720,10,Ramadan,1483.063690413135,59
time-moe-200m-L720,11,Ramadan,1469.637878707627,59
time-moe-200m-L720,12,Ramadan,1440.5050357521184,59
time-moe-200m-L720,13,Ramadan,1388.4395219809314,59
time-moe-200m-L720,14,Ramadan,1183.9805826271183,59
time-moe-200m-L720,15,Ramadan,1049.1080031779659,59
time-moe-200m-L720,16,Ramadan,1076.8188903601692,59
time-moe-200m-L720,17,Ramadan,967.2045842161015,59
time-moe-200m-L720,18,Ramadan,959.7947272245759,59
time-moe-200m-L720,19,Ramadan,922.581197033898,59
time-moe-200m-L720,20,Ramadan,833.5418485169492,59
time-moe-200m-L720,21,Ramadan,614.8716909427965,59
time-moe-200m-L720,22,Ramadan,624.5839380296615,59
time-moe-200m-L720,23,Ramadan,691.9396490995766,59
mstl_ets-nohijri,0,aggregate,1211.3587592065676,456
mstl_ets-nohijri,1,aggregate,1365.8232195113092,456
mstl_ets-nohijri,2,aggregate,1531.8671047723624,456
mstl_ets-nohijri,3,aggregate,1751.6322465836558,456
mstl_ets-nohijri,4,aggregate,1800.990862197457,456
mstl_ets-nohijri,5,aggregate,1660.0926674844638,456
mstl_ets-nohijri,6,aggregate,1595.0371675726992,456
mstl_ets-nohijri,7,aggregate,1586.434022159321,456
mstl_ets-nohijri,8,aggregate,1676.6527089897897,456
mstl_ets-nohijri,9,aggregate,1841.6299879985934,456
mstl_ets-nohijri,10,aggregate,1968.4590533492815,456
mstl_ets-nohijri,11,aggregate,2101.238005930609,456
mstl_ets-nohijri,12,aggregate,2056.8726021170737,456
mstl_ets-nohijri,13,aggregate,1854.87529640657,456
mstl_ets-nohijri,14,aggregate,1790.9221247464711,456
mstl_ets-nohijri,15,aggregate,1774.6730552694926,456
mstl_ets-nohijri,16,aggregate,1430.8766573283185,456
mstl_ets-nohijri,17,aggregate,1405.7071083350463,456
mstl_ets-nohijri,18,aggregate,1451.815843571673,456
mstl_ets-nohijri,19,aggregate,1330.5763217760266,456
mstl_ets-nohijri,20,aggregate,1300.3348139987982,456
mstl_ets-nohijri,21,aggregate,1222.1227296881536,456
mstl_ets-nohijri,22,aggregate,1238.9506086105494,456
mstl_ets-nohijri,23,aggregate,1291.314688689789,456
mstl_ets-nohijri,0,Heatwave,1372.8282242127111,64
mstl_ets-nohijri,1,Heatwave,1621.143423777602,64
mstl_ets-nohijri,2,Heatwave,2357.5027816301244,64
mstl_ets-nohijri,3,Heatwave,3742.58575504042,64
mstl_ets-nohijri,4,Heatwave,3649.956183954895,64
mstl_ets-nohijri,5,Heatwave,2358.4853626813124,64
mstl_ets-nohijri,6,Heatwave,1486.9373119760376,64
mstl_ets-nohijri,7,Heatwave,1794.0576014009853,64
mstl_ets-nohijri,8,Heatwave,2443.584423215693,64
mstl_ets-nohijri,9,Heatwave,3333.871619809538,64
mstl_ets-nohijri,10,Heatwave,3939.851098464315,64
mstl_ets-nohijri,11,Heatwave,4258.966438507725,64
mstl_ets-nohijri,12,Heatwave,4005.123258339245,64
mstl_ets-nohijri,13,Heatwave,3114.412522789142,64
mstl_ets-nohijri,14,Heatwave,1820.2898362858182,64
mstl_ets-nohijri,15,Heatwave,2077.83698300201,64
mstl_ets-nohijri,16,Heatwave,1759.3273385001248,64
mstl_ets-nohijri,17,Heatwave,2224.25190427508,64
mstl_ets-nohijri,18,Heatwave,2668.149251223711,64
mstl_ets-nohijri,19,Heatwave,2449.9342133079535,64
mstl_ets-nohijri,20,Heatwave,2329.6536114510423,64
mstl_ets-nohijri,21,Heatwave,2058.634222805994,64
mstl_ets-nohijri,22,Heatwave,1870.7435502994063,64
mstl_ets-nohijri,23,Heatwave,1795.9525168724465,64
mstl_ets-nohijri,0,Normal,1099.229223867929,333
mstl_ets-nohijri,1,Normal,1140.9427905416674,333
mstl_ets-nohijri,2,Normal,1270.8823861465412,333
mstl_ets-nohijri,3,Normal,1517.3360488942621,333
mstl_ets-nohijri,4,Normal,1435.7800791546956,333
mstl_ets-nohijri,5,Normal,1404.4458914218208,333
mstl_ets-nohijri,6,Normal,1436.6784695671017,333
mstl_ets-nohijri,7,Normal,1394.735330984668,333
mstl_ets-nohijri,8,Normal,1418.8904244353653,333
mstl_ets-nohijri,9,Normal,1556.653955174813,333
mstl_ets-nohijri,10,Normal,1594.5675136078353,333
mstl_ets-nohijri,11,Normal,1691.7028353539797,333
mstl_ets-nohijri,12,Normal,1671.5030395162596,333
mstl_ets-nohijri,13,Normal,1543.3769127573291,333
mstl_ets-nohijri,14,Normal,1614.2512676077122,333
mstl_ets-nohijri,15,Normal,1649.5626687957558,333
mstl_ets-nohijri,16,Normal,1321.0686913594504,333
mstl_ets-nohijri,17,Normal,1268.8366341522071,333
mstl_ets-nohijri,18,Normal,1264.7812880164602,333
mstl_ets-nohijri,19,Normal,1149.9816958090228,333
mstl_ets-nohijri,20,Normal,1098.7106692726736,333
mstl_ets-nohijri,21,Normal,1046.2186287441396,333
mstl_ets-nohijri,22,Normal,1109.2159897543527,333
mstl_ets-nohijri,23,Normal,1195.8718561285825,333
mstl_ets-nohijri,0,Ramadan,1669.072140687474,59
mstl_ets-nohijri,1,Ramadan,2358.106097034156,59
mstl_ets-nohijri,2,Ramadan,2109.2777485605275,59
mstl_ets-nohijri,3,Ramadan,914.3374887757794,59
mstl_ets-nohijri,4,Ramadan,1856.6079835663295,59
mstl_ets-nohijri,5,Ramadan,2345.401886743139,59
mstl_ets-nohijri,6,Ramadan,2606.0852556074506,59
mstl_ets-nohijri,7,Ramadan,2443.1756338490304,59
mstl_ets-nohijri,8,Ramadan,2299.5545911281874,59
mstl_ets-nohijri,9,Ramadan,1831.3512506158538,59
mstl_ets-nohijri,10,Ramadan,1940.2690846465587,59
mstl_ets-nohijri,11,Ramadan,2072.095499440474,59
mstl_ets-nohijri,12,Ramadan,2118.567896148468,59
mstl_ets-nohijri,13,Ramadan,2246.715622961019,59
mstl_ets-nohijri,14,Ramadan,2756.2079194700023,59
mstl_ets-nohijri,15,Ramadan,2151.9487725724284,59
mstl_ets-nohijri,16,Ramadan,1694.3547772035304,59
mstl_ets-nohijri,17,Ramadan,1290.3003449913754,59
mstl_ets-nohijri,18,Ramadan,1188.0390454387136,59
mstl_ets-nohijri,19,Ramadan,1135.6459046399063,59
mstl_ets-nohijri,20,Ramadan,1321.7659522505926,59
mstl_ets-nohijri,21,Ramadan,1307.5351034985758,59
mstl_ets-nohijri,22,Ramadan,1285.8468765940506,59
mstl_ets-nohijri,23,Ramadan,1282.596760540494,59
mstl_ets-hijri,0,aggregate,1161.935563728769,456
mstl_ets-hijri,1,aggregate,1183.160649564211,456
mstl_ets-hijri,2,aggregate,1349.2049487991612,456
mstl_ets-hijri,3,aggregate,1761.3786026632965,456
mstl_ets-hijri,4,aggregate,1684.6217485379398,456
mstl_ets-hijri,5,aggregate,1511.671862575349,456
mstl_ets-hijri,6,aggregate,1447.104710477625,456
mstl_ets-hijri,7,aggregate,1476.5428997170168,456
mstl_ets-hijri,8,aggregate,1602.5578575973566,456
mstl_ets-hijri,9,aggregate,1838.196936444762,456
mstl_ets-hijri,10,aggregate,1948.278930379935,456
mstl_ets-hijri,11,aggregate,2073.5444035161854,456
mstl_ets-hijri,12,aggregate,2017.4119296141025,456
mstl_ets-hijri,13,aggregate,1770.3760563599192,456
mstl_ets-hijri,14,aggregate,1627.8429594226964,456
mstl_ets-hijri,15,aggregate,1692.0439723854631,456
mstl_ets-hijri,16,aggregate,1381.0285451069583,456
mstl_ets-hijri,17,aggregate,1417.0033385127208,456
mstl_ets-hijri,18,aggregate,1439.4806577300596,456
mstl_ets-hijri,19,aggregate,1316.730773538338,456
mstl_ets-hijri,20,aggregate,1262.9874380753508,456
mstl_ets-hijri,21,aggregate,1183.2651488980455,456
mstl_ets-hijri,22,aggregate,1218.4792709075837,456
mstl_ets-hijri,23,aggregate,1295.3117596776306,456
mstl_ets-hijri,0,Heatwave,1372.8282242127111,64
mstl_ets-hijri,1,Heatwave,1621.143423777602,64
mstl_ets-hijri,2,Heatwave,2357.5027816301244,64
mstl_ets-hijri,3,Heatwave,3742.58575504042,64
mstl_ets-hijri,4,Heatwave,3649.956183954895,64
mstl_ets-hijri,5,Heatwave,2358.4853626813124,64
mstl_ets-hijri,6,Heatwave,1486.9373119760376,64
mstl_ets-hijri,7,Heatwave,1794.0576014009853,64
mstl_ets-hijri,8,Heatwave,2443.584423215693,64
mstl_ets-hijri,9,Heatwave,3333.871619809538,64
mstl_ets-hijri,10,Heatwave,3939.851098464315,64
mstl_ets-hijri,11,Heatwave,4258.966438507725,64
mstl_ets-hijri,12,Heatwave,4005.123258339245,64
mstl_ets-hijri,13,Heatwave,3114.412522789142,64
mstl_ets-hijri,14,Heatwave,1820.2898362858182,64
mstl_ets-hijri,15,Heatwave,2077.83698300201,64
mstl_ets-hijri,16,Heatwave,1759.3273385001248,64
mstl_ets-hijri,17,Heatwave,2224.25190427508,64
mstl_ets-hijri,18,Heatwave,2668.149251223711,64
mstl_ets-hijri,19,Heatwave,2449.9342133079535,64
mstl_ets-hijri,20,Heatwave,2329.6536114510423,64
mstl_ets-hijri,21,Heatwave,2058.634222805994,64
mstl_ets-hijri,22,Heatwave,1870.7435502994063,64
mstl_ets-hijri,23,Heatwave,1795.9525168724465,64
mstl_ets-hijri,0,Normal,1099.229223867929,333
mstl_ets-hijri,1,Normal,1140.9427905416674,333
mstl_ets-hijri,2,Normal,1270.8823861465412,333
mstl_ets-hijri,3,Normal,1517.3360488942621,333
mstl_ets-hijri,4,Normal,1435.7800791546956,333
mstl_ets-hijri,5,Normal,1404.4458914218208,333
mstl_ets-hijri,6,Normal,1436.6784695671017,333
mstl_ets-hijri,7,Normal,1394.735330984668,333
mstl_ets-hijri,8,Normal,1418.8904244353653,333
mstl_ets-hijri,9,Normal,1556.653955174813,333
mstl_ets-hijri,10,Normal,1594.5675136078353,333
mstl_ets-hijri,11,Normal,1691.7028353539797,333
mstl_ets-hijri,12,Normal,1671.5030395162596,333
mstl_ets-hijri,13,Normal,1543.3769127573291,333
mstl_ets-hijri,14,Normal,1614.2512676077122,333
mstl_ets-hijri,15,Normal,1649.5626687957558,333
mstl_ets-hijri,16,Normal,1321.0686913594504,333
mstl_ets-hijri,17,Normal,1268.8366341522071,333
mstl_ets-hijri,18,Normal,1264.7812880164602,333
mstl_ets-hijri,19,Normal,1149.9816958090228,333
mstl_ets-hijri,20,Normal,1098.7106692726736,333
mstl_ets-hijri,21,Normal,1054.6856938647816,333
mstl_ets-hijri,22,Normal,1118.922422391613,333
mstl_ets-hijri,23,Normal,1207.0508463570782,333
mstl_ets-hijri,0,Ramadan,1287.089477333641,59
mstl_ets-hijri,1,Ramadan,946.3411496464151,59
mstl_ets-hijri,2,Ramadan,697.5160006998534,59
mstl_ets-hijri,3,Ramadan,989.6652577980863,59
mstl_ets-hijri,4,Ramadan,957.2128000283661,59
mstl_ets-hijri,5,Ramadan,1198.2851572760837,59
mstl_ets-hijri,6,Ramadan,1462.7428753472177,59
mstl_ets-hijri,7,Ramadan,1593.84763666783,59
mstl_ets-hijri,8,Ramadan,1726.8892990104002,59
mstl_ets-hijri,9,Ramadan,1804.8178352167506,59
mstl_ets-hijri,10,Ramadan,1784.3006766122883,59
mstl_ets-hijri,11,Ramadan,1858.0568095934061,59
mstl_ets-hijri,12,Ramadan,1813.5837154475373,59
mstl_ets-hijri,13,Ramadan,1593.6367507360583,59
mstl_ets-hijri,14,Ramadan,1495.7994552726927,59
mstl_ets-hijri,15,Ramadan,1513.3239963839997,59
mstl_ets-hijri,16,Ramadan,1309.0880115604732,59
mstl_ets-hijri,17,Ramadan,1377.6068019578067,59
mstl_ets-hijri,18,Ramadan,1092.702693849295,59
mstl_ets-hijri,19,Ramadan,1028.6362436842126,59
mstl_ets-hijri,20,Ramadan,1033.115046808357,59
mstl_ets-hijri,21,Ramadan,959.4234166263191,59
mstl_ets-hijri,22,Ramadan,1072.8439603099835,59
mstl_ets-hijri,23,Ramadan,1250.3943982416247,59
sarimax-nohijri,0,aggregate,1157.2384998254477,456
sarimax-nohijri,1,aggregate,1194.4442192466784,456
sarimax-nohijri,2,aggregate,1279.5408123258253,456
sarimax-nohijri,3,aggregate,1484.152264653705,456
sarimax-nohijri,4,aggregate,2225.2091925774766,456
sarimax-nohijri,5,aggregate,3777.5337759496374,456
sarimax-nohijri,6,aggregate,4098.7793809767,456
sarimax-nohijri,7,aggregate,3801.890866154172,456
sarimax-nohijri,8,aggregate,3654.7642830115888,456
sarimax-nohijri,9,aggregate,3122.9455963712,456
sarimax-nohijri,10,aggregate,3222.2076609594233,456
sarimax-nohijri,11,aggregate,3534.5649794402284,456
sarimax-nohijri,12,aggregate,3557.3863266312924,456
sarimax-nohijri,13,aggregate,3621.8521741570175,456
sarimax-nohijri,14,aggregate,3307.0323787752577,456
sarimax-nohijri,15,aggregate,2539.5293291330595,456
sarimax-nohijri,16,aggregate,2264.4158841935555,456
sarimax-nohijri,17,aggregate,2162.956021418797,456
sarimax-nohijri,18,aggregate,2068.1176876250533,456
sarimax-nohijri,19,aggregate,1932.1512912518515,456
sarimax-nohijri,20,aggregate,1806.2011727129664,456
sarimax-nohijri,21,aggregate,1626.3492413214415,456
sarimax-nohijri,22,aggregate,1586.474430426963,456
sarimax-nohijri,23,aggregate,1593.2298774813264,456
sarimax-nohijri,0,Heatwave,1382.6813307680509,64
sarimax-nohijri,1,Heatwave,1352.0024425288298,64
sarimax-nohijri,2,Heatwave,1421.3036320499798,64
sarimax-nohijri,3,Heatwave,1558.7561487742037,64
sarimax-nohijri,4,Heatwave,2113.8803711510627,64
sarimax-nohijri,5,Heatwave,3750.7025267661184,64
sarimax-nohijri,6,Heatwave,4325.662536328284,64
sarimax-nohijri,7,Heatwave,4289.125773111224,64
sarimax-nohijri,8,Heatwave,4305.738111400887,64
sarimax-nohijri,9,Heatwave,3907.5766958954528,64
sarimax-nohijri,10,Heatwave,4040.5948792448908,64
sarimax-nohijri,11,Heatwave,4500.75456070459,64
sarimax-nohijri,12,Heatwave,4467.232176450943,64
sarimax-nohijri,13,Heatwave,4443.387667860512,64
sarimax-nohijri,14,Heatwave,4039.685408638182,64
sarimax-nohijri,15,Heatwave,3202.154328503476,64
sarimax-nohijri,16,Heatwave,2889.4309452561197,64
sarimax-nohijri,17,Heatwave,2756.3445195414315,64
sarimax-nohijri,18,Heatwave,2648.062214785577,64
sarimax-nohijri,19,Heatwave,2532.3805223565932,64
sarimax-nohijri,20,Heatwave,2369.0677917537787,64
sarimax-nohijri,21,Heatwave,2157.49284267529,64
sarimax-nohijri,22,Heatwave,2076.8843490718614,64
sarimax-nohijri,23,Heatwave,2048.1669571021484,64
sarimax-nohijri,0,Normal,1137.3861901570256,333
sarimax-nohijri,1,Normal,1168.967398936051,333
sarimax-nohijri,2,Normal,1248.8205646795113,333
sarimax-nohijri,3,Normal,1488.3463025099982,333
sarimax-nohijri,4,Normal,2267.0796210182916,333
sarimax-nohijri,5,Normal,3863.46049856775,333
sarimax-nohijri,6,Normal,4148.468294132884,333
sarimax-nohijri,7,Normal,3780.340857981128,333
sarimax-nohijri,8,Normal,3604.872602687206,333
sarimax-nohijri,9,Normal,3010.625822067133,333
sarimax-nohijri,10,Normal,3092.0907102207757,333
sarimax-nohijri,11,Normal,3406.2440530173144,333
sarimax-nohijri,12,Normal,3432.681469371194,333
sarimax-nohijri,13,Normal,3537.625827094506,333
sarimax-nohijri,14,Normal,3276.2436102421316,333
sarimax-nohijri,15,Normal,2479.8616652714836,333
sarimax-nohijri,16,Normal,2160.077605840776,333
sarimax-nohijri,17,Normal,2091.6958139467047,333
sarimax-nohijri,18,Normal,2001.6420160247835,333
sarimax-nohijri,19,Normal,1860.200941065262,333
sarimax-nohijri,20,Normal,1733.1635674007352,333
sarimax-nohijri,21,Normal,1586.1229241543713,333
sarimax-nohijri,22,Normal,1543.1640090043645,333
sarimax-nohijri,23,Normal,1550.2960167919432,333
sarimax-nohijri,0,Ramadan,1024.7381259145632,59
sarimax-nohijri,1,Ramadan,1167.3265052361867,59
sarimax-nohijri,2,Ramadan,1299.1513547644138,59
sarimax-nohijri,3,Ramadan,1379.5545834696788,59
sarimax-nohijri,4,Ramadan,2109.6531230944124,59
sarimax-nohijri,5,Ramadan,3321.66261181258,59
sarimax-nohijri,6,Ramadan,3572.221244984994,59
sarimax-nohijri,7,Ramadan,3394.9945725333605,59
sarimax-nohijri,8,Ramadan,3230.2152072675967,59
sarimax-nohijri,9,Ramadan,2905.760756942425,59
sarimax-nohijri,10,Ramadan,3068.8544851238275,59
sarimax-nohijri,11,Ramadan,3210.7469336421127,59
sarimax-nohijri,12,Ramadan,3274.2775652610367,59
sarimax-nohijri,13,Ramadan,3206.074241526383,59
sarimax-nohijri,14,Ramadan,2686.064006068541,59
sarimax-nohijri,15,Ramadan,2157.5180088991297,59
sarimax-nohijri,16,Ramadan,2175.3257618795114,59
sarimax-nohijri,17,Ramadan,1921.4778046113063,59
sarimax-nohijri,18,Ramadan,1814.2185165168569,59
sarimax-nohijri,19,Ramadan,1687.1478305981377,59
sarimax-nohijri,20,Ramadan,1607.8631888207794,59
sarimax-nohijri,21,Ramadan,1277.2335316602228,59
sarimax-nohijri,22,Ramadan,1298.9513039939388,59
sarimax-nohijri,23,Ramadan,1342.0604285632248,59
sarimax-hijri,0,aggregate,1148.0436849354649,456
sarimax-hijri,1,aggregate,1180.8649935840886,456
sarimax-hijri,2,aggregate,1261.1300896030352,456
sarimax-hijri,3,aggregate,1459.4989571023907,456
sarimax-hijri,4,aggregate,2198.6454608011486,456
sarimax-hijri,5,aggregate,3745.000510953437,456
sarimax-hijri,6,aggregate,4063.848346431012,456
sarimax-hijri,7,aggregate,3760.388583737319,456
sarimax-hijri,8,aggregate,3613.2712912756915,456
sarimax-hijri,9,aggregate,3080.5416929554212,456
sarimax-hijri,10,aggregate,3172.851510752694,456
sarimax-hijri,11,aggregate,3488.229348370058,456
sarimax-hijri,12,aggregate,3509.111421508203,456
sarimax-hijri,13,aggregate,3572.415814376038,456
sarimax-hijri,14,aggregate,3253.3373261142488,456
sarimax-hijri,15,aggregate,2488.750810705946,456
sarimax-hijri,16,aggregate,2213.0808286776937,456
sarimax-hijri,17,aggregate,2104.9287321278493,456
sarimax-hijri,18,aggregate,2012.772711049002,456
sarimax-hijri,19,aggregate,1882.3395526046909,456
sarimax-hijri,20,aggregate,1756.944961450411,456
sarimax-hijri,21,aggregate,1589.3497968886834,456
sarimax-hijri,22,aggregate,1548.7119493844164,456
sarimax-hijri,23,aggregate,1556.9068006016141,456
sarimax-hijri,0,Heatwave,1405.0596003449057,64
sarimax-hijri,1,Heatwave,1373.1392569355644,64
sarimax-hijri,2,Heatwave,1444.5850984635285,64
sarimax-hijri,3,Heatwave,1576.5047456520053,64
sarimax-hijri,4,Heatwave,2121.3529014383757,64
sarimax-hijri,5,Heatwave,3755.4640225553653,64
sarimax-hijri,6,Heatwave,4329.990628600588,64
sarimax-hijri,7,Heatwave,4293.829281634918,64
sarimax-hijri,8,Heatwave,4309.949585366217,64
sarimax-hijri,9,Heatwave,3912.742637231086,64
sarimax-hijri,10,Heatwave,4044.6637679749338,64
sarimax-hijri,11,Heatwave,4504.818290433844,64
sarimax-hijri,12,Heatwave,4471.606131756649,64
sarimax-hijri,13,Heatwave,4447.979007070429,64
sarimax-hijri,14,Heatwave,4041.459566874952,64
sarimax-hijri,15,Heatwave,3204.5767846221993,64
sarimax-hijri,16,Heatwave,2894.614043376581,64
sarimax-hijri,17,Heatwave,2758.7888326383363,64
sarimax-hijri,18,Heatwave,2648.546970297698,64
sarimax-hijri,19,Heatwave,2531.933440802186,64
sarimax-hijri,20,Heatwave,2372.470520870025,64
sarimax-hijri,21,Heatwave,2160.8839137041127,64
sarimax-hijri,22,Heatwave,2083.4873351105307,64
sarimax-hijri,23,Heatwave,2053.53495589156,64
sarimax-hijri,0,Normal,1114.8201509430937,333
sarimax-hijri,1,Normal,1144.3833039593735,333
sarimax-hijri,2,Normal,1220.1648622534583,333
sarimax-hijri,3,Normal,1454.9243906587922,333
sarimax-hijri,4,Normal,2224.335259070304,333
sarimax-hijri,5,Normal,3811.6760589576056,333
sarimax-hijri,6,Normal,4095.4290097142953,333
sarimax-hijri,7,Normal,3726.6267485561048,333
sarimax-hijri,8,Normal,3551.4286047866553,333
sarimax-hijri,9,Normal,2957.19563855584,333
sarimax-hijri,10,Normal,3031.9829112829093,333
sarimax-hijri,11,Normal,3348.59746030331,333
sarimax-hijri,12,Normal,3372.4710899331403,333
sarimax-hijri,13,Normal,3475.7355169771063,333
sarimax-hijri,14,Normal,3213.5899145240664,333
sarimax-hijri,15,Normal,2418.245925332301,333
sarimax-hijri,16,Normal,2092.572972553978,333
sarimax-hijri,17,Normal,2019.9071278303188,333
sarimax-hijri,18,Normal,1931.2750486977245,333
sarimax-hijri,19,Normal,1791.0364756484369,333
sarimax-hijri,20,Normal,1664.9197412594872,333
sarimax-hijri,21,Normal,1521.4149297708236,333
sarimax-hijri,22,Normal,1477.9783749207938,333
sarimax-hijri,23,Normal,1486.7738595111703,333
sarimax-hijri,0,Ramadan,1056.7626380414883,59
sarimax-hijri,1,Ramadan,1178.2014307118088,59
sarimax-hijri,2,Ramadan,1293.3385665579085,59
sarimax-hijri,3,Ramadan,1358.3965869082024,59
sarimax-hijri,4,Ramadan,2137.4932739467204,59
sarimax-hijri,5,Ramadan,3357.3289477684975,59
sarimax-hijri,6,Ramadan,3596.908228936328,59
sarimax-hijri,7,Ramadan,3372.29513373559,59
sarimax-hijri,8,Ramadan,3206.596779056292,59
sarimax-hijri,9,Ramadan,2873.9887384031886,59
sarimax-hijri,10,Ramadan,3022.228784671593,59
sarimax-hijri,11,Ramadan,3173.5806438640357,59
sarimax-hijri,12,Ramadan,3236.2566580945677,59
sarimax-hijri,13,Ramadan,3168.3225042303325,59
sarimax-hijri,14,Ramadan,2622.762150704851,59
sarimax-hijri,15,Ramadan,2110.195971702283,59
sarimax-hijri,16,Ramadan,2153.9450718720796,59
sarimax-hijri,17,Ramadan,1875.5244575245722,59
sarimax-hijri,18,Ramadan,1783.0976088635605,59
sarimax-hijri,19,Ramadan,1693.0160912791468,59
sarimax-hijri,20,Ramadan,1608.6528007846866,59
sarimax-hijri,21,Ramadan,1352.8095811947837,59
sarimax-hijri,22,Ramadan,1367.8417054846725,59
sarimax-hijri,23,Ramadan,1414.0265877975667,59
patchtsmixer-nohijri-L168,0,aggregate,898.3995014391448,456
patchtsmixer-nohijri-L168,1,aggregate,646.6529971902412,456
patchtsmixer-nohijri-L168,2,aggregate,714.0402288925438,456
patchtsmixer-nohijri-L168,3,aggregate,1048.5889747807018,456
patchtsmixer-nohijri-L168,4,aggregate,1872.2544188596491,456
patchtsmixer-nohijri-L168,5,aggregate,4464.233386958607,456
patchtsmixer-nohijri-L168,6,aggregate,2871.633908991228,456
patchtsmixer-nohijri-L168,7,aggregate,1687.8092139528512,456
patchtsmixer-nohijri-L168,8,aggregate,1478.674077919408,456
patchtsmixer-nohijri-L168,9,aggregate,1547.171195689419,456
patchtsmixer-nohijri-L168,10,aggregate,1375.3767329701207,456
patchtsmixer-nohijri-L168,11,aggregate,1546.9888200726423,456
patchtsmixer-nohijri-L168,12,aggregate,1210.574754488761,456
patchtsmixer-nohijri-L168,13,aggregate,1260.4057134046054,456
patchtsmixer-nohijri-L168,14,aggregate,1304.9326358621163,456
patchtsmixer-nohijri-L168,15,aggregate,1217.0887376644737,456
patchtsmixer-nohijri-L168,16,aggregate,1025.705324321546,456
patchtsmixer-nohijri-L168,17,aggregate,1134.3944037828944,456
patchtsmixer-nohijri-L168,18,aggregate,1181.153251953125,456
patchtsmixer-nohijri-L168,19,aggregate,1471.0371160567433,456
patchtsmixer-nohijri-L168,20,aggregate,1805.3761410361842,456
patchtsmixer-nohijri-L168,21,aggregate,2201.935281832511,456
patchtsmixer-nohijri-L168,22,aggregate,1851.6269401041668,456
patchtsmixer-nohijri-L168,23,aggregate,1398.0034906112935,456
patchtsmixer-nohijri-L168,0,Heatwave,1192.0001330566404,64
patchtsmixer-nohijri-L168,1,Heatwave,975.4595019531253,64
patchtsmixer-nohijri-L168,2,Heatwave,1107.841553955078,64
patchtsmixer-nohijri-L168,3,Heatwave,995.9294140625,64
patchtsmixer-nohijri-L168,4,Heatwave,1943.8137951660158,64
patchtsmixer-nohijri-L168,5,Heatwave,5375.435717773437,64
patchtsmixer-nohijri-L168,6,Heatwave,4128.8515234375,64
patchtsmixer-nohijri-L168,7,Heatwave,2690.02080078125,64
patchtsmixer-nohijri-L168,8,Heatwave,2354.872648925781,64
patchtsmixer-nohijri-L168,9,Heatwave,1420.8942016601563,64
patchtsmixer-nohijri-L168,10,Heatwave,2025.4700537109375,64
patchtsmixer-nohijri-L168,11,Heatwave,2156.9078442382815,64
patchtsmixer-nohijri-L168,12,Heatwave,1470.3624145507815,64
patchtsmixer-nohijri-L168,13,Heatwave,1403.661589355469,64
patchtsmixer-nohijri-L168,14,Heatwave,1380.5983007812497,64
patchtsmixer-nohijri-L168,15,Heatwave,1617.7501220703125,64
patchtsmixer-nohijri-L168,16,Heatwave,1094.949223632813,64
patchtsmixer-nohijri-L168,17,Heatwave,1377.9883618164058,64
patchtsmixer-nohijri-L168,18,Heatwave,1137.7921166992192,64
patchtsmixer-nohijri-L168,19,Heatwave,1650.847219238281,64
patchtsmixer-nohijri-L168,20,Heatwave,2034.05904296875,64
patchtsmixer-nohijri-L168,21,Heatwave,2509.7661914062505,64
patchtsmixer-nohijri-L168,22,Heatwave,2038.465943603516,64
patchtsmixer-nohijri-L168,23,Heatwave,1740.7009411621093,64
patchtsmixer-nohijri-L168,0,Normal,898.6331951482733,333
patchtsmixer-nohijri-L168,1,Normal,559.6232045326576,333
patchtsmixer-nohijri-L168,2,Normal,600.7617586336337,333
patchtsmixer-nohijri-L168,3,Normal,1017.7675642830329,333
patchtsmixer-nohijri-L168,4,Normal,2002.9715230855857,333
patchtsmixer-nohijri-L168,5,Normal,4439.258465418543,333
patchtsmixer-nohijri-L168,6,Normal,2751.381029466967,333
patchtsmixer-nohijri-L168,7,Normal,1513.1215364583334,333
patchtsmixer-nohijri-L168,8,Normal,1307.0879642924176,333
patchtsmixer-nohijri-L168,9,Normal,1551.0404929147899,333
patchtsmixer-nohijri-L168,10,Normal,1225.9812190315317,333
patchtsmixer-nohijri-L168,11,Normal,1419.334835773273,333
patchtsmixer-nohijri-L168,12,Normal,1101.3744735360365,333
patchtsmixer-nohijri-L168,13,Normal,1213.1968466122373,333
patchtsmixer-nohijri-L168,14,Normal,1284.2010705236487,333
patchtsmixer-nohijri-L168,15,Normal,1118.9714749906157,333
patchtsmixer-nohijri-L168,16,Normal,1012.7300086805556,333
patchtsmixer-nohijri-L168,17,Normal,1055.988597972973,333
patchtsmixer-nohijri-L168,18,Normal,1139.3310648930178,333
patchtsmixer-nohijri-L168,19,Normal,1426.8043067286037,333
patchtsmixer-nohijri-L168,20,Normal,1793.7194561749252,333
patchtsmixer-nohijri-L168,21,Normal,2199.7777554898653,333
patchtsmixer-nohijri-L168,22,Normal,1826.0041270176425,333
patchtsmixer-nohijri-L168,23,Normal,1348.9107383164414,333
patchtsmixer-nohijri-L168,0,Ramadan,578.5984772245764,59
patchtsmixer-nohijri-L168,1,Ramadan,781.1835844809322,59
patchtsmixer-nohijri-L168,2,Ramadan,926.21727621822,59
patchtsmixer-nohijri-L168,3,Ramadan,1279.6693405720337,59
patchtsmixer-nohijri-L168,4,Ramadan,1056.8544902012713,59
patchtsmixer-nohijri-L168,5,Ramadan,3616.770670021186,59
patchtsmixer-nohijri-L168,6,Ramadan,2186.5878336864403,59
patchtsmixer-nohijri-L168,7,Ramadan,1586.6135368114412,59
patchtsmixer-nohijri-L168,8,Ramadan,1496.6650489936442,59
patchtsmixer-nohijri-L168,9,Ramadan,1662.311054025424,59
patchtsmixer-nohijri-L168,10,Ramadan,1513.3891671080512,59
patchtsmixer-nohijri-L168,11,Ramadan,1605.8694849046608,59
patchtsmixer-nohijri-L168,12,Ramadan,1545.1049801377117,59
patchtsmixer-nohijri-L168,13,Ramadan,1371.4595537605926,59
patchtsmixer-nohijri-L168,14,Ramadan,1339.8649867584754,59
patchtsmixer-nohijri-L168,15,Ramadan,1336.2534811970338,59
patchtsmixer-nohijri-L168,16,Ramadan,1023.8268591101689,59
patchtsmixer-nohijri-L168,17,Ramadan,1312.6845736228806,59
patchtsmixer-nohijri-L168,18,Ramadan,1464.2363188559316,59
patchtsmixer-nohijri-L168,19,Ramadan,1525.641843220339,59
patchtsmixer-nohijri-L168,20,Ramadan,1623.1044518008478,59
patchtsmixer-nohijri-L168,21,Ramadan,1880.1942319915258,59
patchtsmixer-nohijri-L168,22,Ramadan,1793.5710169491529,59
patchtsmixer-nohijri-L168,23,Ramadan,1303.3467055084745,59
patchtsmixer-hijri-L168,0,aggregate,925.3554678933663,456
patchtsmixer-hijri-L168,1,aggregate,630.9709441817434,456
patchtsmixer-hijri-L168,2,aggregate,705.5865306332238,456
patchtsmixer-hijri-L168,3,aggregate,1033.549255071272,456
patchtsmixer-hijri-L168,4,aggregate,1880.6396636855811,456
patchtsmixer-hijri-L168,5,aggregate,4497.947589432565,456
patchtsmixer-hijri-L168,6,aggregate,2867.832256373355,456
patchtsmixer-hijri-L168,7,aggregate,1751.1886429207786,456
patchtsmixer-hijri-L168,8,aggregate,1524.3933807908445,456
patchtsmixer-hijri-L168,9,aggregate,1617.2246460389254,456
patchtsmixer-hijri-L168,10,aggregate,1328.920777138158,456
patchtsmixer-hijri-L168,11,aggregate,1468.3610879248902,456
patchtsmixer-hijri-L168,12,aggregate,1185.2155437911183,456
patchtsmixer-hijri-L168,13,aggregate,1201.1725515693533,456
patchtsmixer-hijri-L168,14,aggregate,1337.467223821272,456
patchtsmixer-hijri-L168,15,aggregate,1280.8859631990133,456
patchtsmixer-hijri-L168,16,aggregate,1040.1157182017544,456
patchtsmixer-hijri-L168,17,aggregate,1126.3600471148573,456
patchtsmixer-hijri-L168,18,aggregate,1151.6916031044407,456
patchtsmixer-hijri-L168,19,aggregate,1437.7740818599232,456
patchtsmixer-hijri-L168,20,aggregate,1779.038078399123,456
patchtsmixer-hijri-L168,21,aggregate,2194.5439393160636,456
patchtsmixer-hijri-L168,22,aggregate,1878.1563644462722,456
patchtsmixer-hijri-L168,23,aggregate,1419.9381901041668,456
patchtsmixer-hijri-L168,0,Heatwave,1149.2718591308594,64
patchtsmixer-hijri-L168,1,Heatwave,901.3613574218753,64
patchtsmixer-hijri-L168,2,Heatwave,985.5269677734375,64
patchtsmixer-hijri-L168,3,Heatwave,900.3722631835942,64
patchtsmixer-hijri-L168,4,Heatwave,1976.9107946777344,64
patchtsmixer-hijri-L168,5,Heatwave,5327.406665039062,64
patchtsmixer-hijri-L168,6,Heatwave,3925.9561071777343,64
patchtsmixer-hijri-L168,7,Heatwave,2545.8571032714844,64
patchtsmixer-hijri-L168,8,Heatwave,2247.8523559570312,64
patchtsmixer-hijri-L168,9,Heatwave,1379.8586303710936,64
patchtsmixer-hijri-L168,10,Heatwave,1939.213994140625,64
patchtsmixer-hijri-L168,11,Heatwave,2109.410817871094,64
patchtsmixer-hijri-L168,12,Heatwave,1328.5738012695315,64
patchtsmixer-hijri-L168,13,Heatwave,1238.3742187500004,64
patchtsmixer-hijri-L168,14,Heatwave,1465.8340454101562,64
patchtsmixer-hijri-L168,15,Heatwave,1703.8979711914062,64
patchtsmixer-hijri-L168,16,Heatwave,1073.5901757812505,64
patchtsmixer-hijri-L168,17,Heatwave,1421.5904882812497,64
patchtsmixer-hijri-L168,18,Heatwave,996.3684375000001,64
patchtsmixer-hijri-L168,19,Heatwave,1597.2206665039062,64
patchtsmixer-hijri-L168,20,Heatwave,1936.468583984375,64
patchtsmixer-hijri-L168,21,Heatwave,2388.5395874023443,64
patchtsmixer-hijri-L168,22,Heatwave,2088.7618896484382,64
patchtsmixer-hijri-L168,23,Heatwave,1709.0016003417968,64
patchtsmixer-hijri-L168,0,Normal,943.9665141704205,333
patchtsmixer-hijri-L168,1,Normal,530.9130567286036,333
patchtsmixer-hijri-L168,2,Normal,612.4506845908409,333
patchtsmixer-hijri-L168,3,Normal,1026.2792131193694,333
patchtsmixer-hijri-L168,4,Normal,2000.4620969406908,333
patchtsmixer-hijri-L168,5,Normal,4462.993404185435,333
patchtsmixer-hijri-L168,6,Normal,2753.7951395927175,333
patchtsmixer-hijri-L168,7,Normal,1553.6667164039036,333
patchtsmixer-hijri-L168,8,Normal,1315.6081644144147,333
patchtsmixer-hijri-L168,9,Normal,1653.5568097785288,333
patchtsmixer-hijri-L168,10,Normal,1179.295419012763,333
patchtsmixer-hijri-L168,11,Normal,1313.4040650807055,333
patchtsmixer-hijri-L168,12,Normal,1094.1787385041293,333
patchtsmixer-hijri-L168,13,Normal,1163.0083159722224,333
patchtsmixer-hijri-L168,14,Normal,1319.0579093937688,333
patchtsmixer-hijri-L168,15,Normal,1153.3028326764268,333
patchtsmixer-hijri-L168,16,Normal,1019.0485970345346,333
patchtsmixer-hijri-L168,17,Normal,1039.7333926895644,333
patchtsmixer-hijri-L168,18,Normal,1128.5873749530779,333
patchtsmixer-hijri-L168,19,Normal,1407.8185719313065,333
patchtsmixer-hijri-L168,20,Normal,1792.3894829204205,333
patchtsmixer-hijri-L168,21,Normal,2203.672518768769,333
patchtsmixer-hijri-L168,22,Normal,1851.9829077515017,333
patchtsmixer-hijri-L168,23,Normal,1390.1968050863363,333
patchtsmixer-hijri-L168,0,Ramadan,577.4211043432205,59
patchtsmixer-hijri-L168,1,Ramadan,902.3995895127115,59
patchtsmixer-hijri-L168,2,Ramadan,927.5873569915252,59
patchtsmixer-hijri-L168,3,Ramadan,1219.0450423728812,59
patchtsmixer-hijri-L168,4,Ramadan,1099.9240254237286,59
patchtsmixer-hijri-L168,5,Ramadan,3795.479163135593,59
patchtsmixer-hijri-L168,6,Ramadan,2363.670111228813,59
patchtsmixer-hijri-L168,7,Ramadan,2004.0025423728812,59
patchtsmixer-hijri-L168,8,Ramadan,1918.0222391419493,59
patchtsmixer-hijri-L168,9,Ramadan,1669.6452304025424,59
patchtsmixer-hijri-L168,10,Ramadan,1511.403461334746,59
patchtsmixer-hijri-L168,11,Ramadan,1647.5730521716102,59
patchtsmixer-hijri-L168,12,Ramadan,1543.52618246822,59
patchtsmixer-hijri-L168,13,Ramadan,1376.2197338453386,59
patchtsmixer-hijri-L168,14,Ramadan,1302.1252767478818,59
patchtsmixer-hijri-L168,15,Ramadan,1542.113318326271,59
patchtsmixer-hijri-L168,16,Ramadan,1122.7087023305078,59
patchtsmixer-hijri-L168,17,Ramadan,1295.0367876059313,59
patchtsmixer-hijri-L168,18,Ramadan,1450.579578919491,59
patchtsmixer-hijri-L168,19,Ramadan,1433.886003707627,59
patchtsmixer-hijri-L168,20,Ramadan,1532.9097722457627,59
patchtsmixer-hijri-L168,21,Ramadan,1932.585660752119,59
patchtsmixer-hijri-L168,22,Ramadan,1797.427677436441,59
patchtsmixer-hijri-L168,23,Ramadan,1274.2402740995758,59
