model,date,day_mae,n_hours,regime_dominant,mean_temp_c,max_temp_c,ramadan_hours,weekend
lgbm-nohijri,2024-06-15,7186.175326713714,24,Heatwave,23.917369875000002,28.131378,0,True
lgbm-nohijri,2024-01-01,6650.74487782067,24,Normal,9.039756804166666,12.775635,0,False
lgbm-nohijri,2024-04-10,6432.765060367263,24,Normal,13.829931958333333,18.157349,0,False
lgbm-nohijri,2025-01-02,5758.117381921803,24,Normal,5.770524308333333,10.976654,0,False
lgbm-nohijri,2025-01-01,5066.635970736288,24,Normal,5.253238666666666,10.428192,0,False
lgbm-nohijri,2024-07-22,4582.3655731891085,24,Heatwave,28.890106083333333,34.361298,0,False
lgbm-nohijri,2024-01-02,4571.786356604235,24,Normal,9.685616795833333,12.421112,0,False
lgbm-nohijri,2024-06-20,4119.133198959779,24,Heatwave,26.55520375,32.078094,0,False
lgbm-nohijri,2025-03-29,4039.0452178532487,24,Ramadan,14.621185291666668,18.550842,21,True
lgbm-nohijri,2024-07-16,3857.194244677054,24,Heatwave,27.45931991666667,32.253662,0,False
lgbm-hijri,2024-06-15,7370.344015367026,24,Heatwave,23.917369875000002,28.131378,0,True
lgbm-hijri,2024-01-01,6765.352616786211,24,Normal,9.039756804166666,12.775635,0,False
lgbm-hijri,2025-01-02,5869.248996343832,24,Normal,5.770524308333333,10.976654,0,False
lgbm-hijri,2025-01-01,4983.5293058236375,24,Normal,5.253238666666666,10.428192,0,False
lgbm-hijri,2024-07-22,4618.245621542242,24,Heatwave,28.890106083333333,34.361298,0,False
lgbm-hijri,2024-01-02,4120.3115215051275,24,Normal,9.685616795833333,12.421112,0,False
lgbm-hijri,2024-06-20,4044.9501803084618,24,Heatwave,26.55520375,32.078094,0,False
lgbm-hijri,2024-07-08,3999.022929130541,24,Heatwave,27.056494208333334,31.576447,0,False
lgbm-hijri,2024-06-17,3997.6222746435246,24,Normal,25.031096166666668,30.569733,0,False
lgbm-hijri,2024-07-16,3819.476357193604,24,Heatwave,27.45931991666667,32.253662,0,False
chronos-bolt-L720,2024-04-10,7960.480250651041,24,Normal,13.829931958333333,18.157349,0,False
chronos-bolt-L720,2025-03-31,7754.408961588541,24,Normal,12.593119291666667,16.313995,0,False
chronos-bolt-L720,2024-06-17,7532.584990234375,24,Normal,25.031096166666668,30.569733,0,False
chronos-bolt-L720,2024-06-15,7275.198274739584,24,Heatwave,23.917369875000002,28.131378,0,True
chronos-bolt-L720,2025-01-01,6289.032216796874,24,Normal,5.253238666666666,10.428192,0,False
chronos-bolt-L720,2024-04-15,6034.485817057292,24,Normal,16.694583916666666,22.706299,0,False
chronos-bolt-L720,2024-01-01,5818.936083984375,24,Normal,9.039756804166666,12.775635,0,False
chronos-bolt-L720,2025-03-29,5683.619889322917,24,Ramadan,14.621185291666668,18.550842,21,True
chronos-bolt-L720,2025-01-08,5548.408398437499,24,Normal,9.062220224999999,13.835663,0,False
chronos-bolt-L720,2024-04-09,5488.961835937499,24,Ramadan,13.446641333333332,17.4393,21,False
timesfm-2.5-L168,2024-06-24,9617.994176432292,24,Heatwave,26.075003416666664,31.562225,0,False
timesfm-2.5-L168,2024-04-10,7833.936468098957,24,Normal,13.829931958333333,18.157349,0,False
timesfm-2.5-L168,2024-06-17,7747.65603515625,24,Normal,25.031096166666668,30.569733,0,False
timesfm-2.5-L168,2025-01-01,6066.936269531249,24,Normal,5.253238666666666,10.428192,0,False
timesfm-2.5-L168,2025-03-31,6046.818548177082,24,Normal,12.593119291666667,16.313995,0,False
timesfm-2.5-L168,2024-04-09,5893.272382812499,24,Ramadan,13.446641333333332,17.4393,21,False
timesfm-2.5-L168,2024-06-16,5842.388333333333,24,Normal,24.0474675,29.238617,0,True
timesfm-2.5-L168,2024-06-15,5774.574332682292,24,Heatwave,23.917369875000002,28.131378,0,True
timesfm-2.5-L168,2024-04-15,5654.310361328125,24,Normal,16.694583916666666,22.706299,0,False
timesfm-2.5-L168,2024-01-01,5643.513232421875,24,Normal,9.039756804166666,12.775635,0,False
moirai-1.1-small-L336,2024-06-24,7760.778681640625,24,Heatwave,26.075003416666664,31.562225,0,False
moirai-1.1-small-L336,2024-06-15,6926.180533854167,24,Heatwave,23.917369875000002,28.131378,0,True
moirai-1.1-small-L336,2024-07-22,6739.100878906251,24,Heatwave,28.890106083333333,34.361298,0,False
moirai-1.1-small-L336,2025-01-01,6469.517890625,24,Normal,5.253238666666666,10.428192,0,False
moirai-1.1-small-L336,2024-04-10,6245.295761718749,24,Normal,13.829931958333333,18.157349,0,False
moirai-1.1-small-L336,2024-04-09,6012.930260416666,24,Ramadan,13.446641333333332,17.4393,21,False
moirai-1.1-small-L336,2024-01-08,5984.350507812499,24,Normal,10.763132687499999,12.966949,0,False
moirai-1.1-small-L336,2025-03-29,5757.914892578126,24,Ramadan,14.621185291666668,18.550842,21,True
moirai-1.1-small-L336,2024-04-15,5581.256891276041,24,Normal,16.694583916666666,22.706299,0,False
moirai-1.1-small-L336,2024-06-03,5499.458209635417,24,Heatwave,25.371902375,31.73465,0,False
time-moe-200m-L720,2024-04-10,8316.220891927083,24,Normal,13.829931958333333,18.157349,0,False
time-moe-200m-L720,2024-06-15,7294.56220703125,24,Heatwave,23.917369875000002,28.131378,0,True
time-moe-200m-L720,2025-03-31,7254.080511067707,24,Normal,12.593119291666667,16.313995,0,False
time-moe-200m-L720,2024-04-09,6983.134361979166,24,Ramadan,13.446641333333332,17.4393,21,False
time-moe-200m-L720,2024-01-01,5782.998990885416,24,Normal,9.039756804166666,12.775635,0,False
time-moe-200m-L720,2025-03-29,5774.241715494792,24,Ramadan,14.621185291666668,18.550842,21,True
time-moe-200m-L720,2025-01-01,5056.1948860677085,24,Normal,5.253238666666666,10.428192,0,False
time-moe-200m-L720,2024-04-11,4999.6074837239585,24,Normal,14.606006645833332,19.527985,0,False
time-moe-200m-L720,2024-06-17,4956.550810546875,24,Normal,25.031096166666668,30.569733,0,False
time-moe-200m-L720,2024-06-20,4947.469143880208,24,Heatwave,26.55520375,32.078094,0,False
mstl_ets-nohijri,2024-06-15,9833.301710540285,24,Heatwave,23.917369875000002,28.131378,0,True
mstl_ets-nohijri,2024-04-09,9572.859427937101,24,Ramadan,13.446641333333332,17.4393,21,False
mstl_ets-nohijri,2024-04-14,8795.778974241044,24,Normal,15.546146458333332,20.068024,0,True
mstl_ets-nohijri,2024-06-16,8173.273109092289,24,Normal,24.0474675,29.238617,0,True
mstl_ets-nohijri,2024-04-10,8139.74343596835,24,Normal,13.829931958333333,18.157349,0,False
mstl_ets-nohijri,2024-01-03,7704.653230698317,24,Normal,10.306109104166667,12.921722,0,False
mstl_ets-nohijri,2025-01-01,7535.313435968349,24,Normal,5.253238666666666,10.428192,0,False
mstl_ets-nohijri,2025-01-03,7365.338048851733,24,Normal,7.307117470833333,11.698517,0,False
mstl_ets-nohijri,2024-06-20,7326.316385543162,24,Heatwave,26.55520375,32.078094,0,False
mstl_ets-nohijri,2024-06-21,7201.500548851732,24,Heatwave,26.332325,31.231384,0,False
mstl_ets-hijri,2024-06-15,9833.301710540285,24,Heatwave,23.917369875000002,28.131378,0,True
mstl_ets-hijri,2024-04-09,9465.750956417345,24,Ramadan,13.446641333333332,17.4393,21,False
mstl_ets-hijri,2024-04-14,8795.778974241044,24,Normal,15.546146458333332,20.068024,0,True
mstl_ets-hijri,2024-06-16,8173.273109092289,24,Normal,24.0474675,29.238617,0,True
mstl_ets-hijri,2024-04-10,8139.74343596835,24,Normal,13.829931958333333,18.157349,0,False
mstl_ets-hijri,2024-01-03,7704.653230698317,24,Normal,10.306109104166667,12.921722,0,False
mstl_ets-hijri,2025-01-01,7535.313435968349,24,Normal,5.253238666666666,10.428192,0,False
mstl_ets-hijri,2025-01-03,7365.338048851733,24,Normal,7.307117470833333,11.698517,0,False
mstl_ets-hijri,2024-06-20,7326.316385543162,24,Heatwave,26.55520375,32.078094,0,False
mstl_ets-hijri,2024-06-21,7201.500548851732,24,Heatwave,26.332325,31.231384,0,False
sarimax-nohijri,2025-03-30,11746.600678384966,24,Normal,12.381099791666665,15.904938,0,True
sarimax-nohijri,2024-06-16,11251.7879179516,24,Normal,24.0474675,29.238617,0,True
sarimax-nohijri,2024-04-10,9237.490871715212,24,Normal,13.829931958333333,18.157349,0,False
sarimax-nohijri,2024-06-15,8690.660200151588,24,Heatwave,23.917369875000002,28.131378,0,True
sarimax-nohijri,2025-03-29,8518.094121461892,24,Ramadan,14.621185291666668,18.550842,21,True
sarimax-nohijri,2025-03-02,7640.659402846931,24,Ramadan,7.295716612500001,12.595398,24,True
sarimax-nohijri,2024-03-31,7498.563331011584,24,Ramadan,17.162663833333333,23.868256,24,True
sarimax-nohijri,2024-09-22,7282.318708638531,24,Normal,18.984883749999998,22.35492,0,True
sarimax-nohijri,2024-06-17,7175.447280932196,24,Normal,25.031096166666668,30.569733,0,False
sarimax-nohijri,2025-03-31,7023.886352624088,24,Normal,12.593119291666667,16.313995,0,False
sarimax-hijri,2024-06-16,11287.396403723584,24,Normal,24.0474675,29.238617,0,True
sarimax-hijri,2024-06-15,8575.104728717286,24,Heatwave,23.917369875000002,28.131378,0,True
sarimax-hijri,2025-03-02,7766.34741624123,24,Ramadan,7.295716612500001,12.595398,24,True
sarimax-hijri,2025-03-29,7709.843176893522,24,Ramadan,14.621185291666668,18.550842,21,True
sarimax-hijri,2025-03-30,7669.484473160194,24,Normal,12.381099791666665,15.904938,0,True
sarimax-hijri,2024-06-17,7378.9644606986,24,Normal,25.031096166666668,30.569733,0,False
sarimax-hijri,2024-09-22,7330.33455975887,24,Normal,18.984883749999998,22.35492,0,True
sarimax-hijri,2024-03-31,7212.092056501428,24,Ramadan,17.162663833333333,23.868256,24,True
sarimax-hijri,2024-09-01,7077.357954378486,24,Normal,23.94291183333333,28.488312,0,True
sarimax-hijri,2025-02-16,6989.5499019136905,24,Normal,6.904974616666667,10.835815,0,True
patchtsmixer-nohijri-L168,2024-06-15,6652.433219401042,24,Heatwave,23.917369875000002,28.131378,0,True
patchtsmixer-nohijri-L168,2024-01-01,5211.416142578125,24,Normal,9.039756804166666,12.775635,0,False
patchtsmixer-nohijri-L168,2024-04-15,5174.762623697917,24,Normal,16.694583916666666,22.706299,0,False
patchtsmixer-nohijri-L168,2024-04-09,5027.40421875,24,Ramadan,13.446641333333332,17.4393,21,False
patchtsmixer-nohijri-L168,2024-04-10,4517.239039713541,24,Normal,13.829931958333333,18.157349,0,False
patchtsmixer-nohijri-L168,2024-04-08,3841.2228938802073,24,Ramadan,12.643294062499999,16.420319,24,False
patchtsmixer-nohijri-L168,2024-08-30,3802.3609309895833,24,Normal,24.544277249999997,28.727234,0,False
patchtsmixer-nohijri-L168,2025-03-29,3753.37705078125,24,Ramadan,14.621185291666668,18.550842,21,True
patchtsmixer-nohijri-L168,2024-06-14,3656.1938997395823,24,Heatwave,26.807337458333333,32.530334,0,False
patchtsmixer-nohijri-L168,2025-01-01,3601.3594238281253,24,Normal,5.253238666666666,10.428192,0,False
patchtsmixer-hijri-L168,2024-06-15,7078.50458984375,24,Heatwave,23.917369875000002,28.131378,0,True
patchtsmixer-hijri-L168,2024-01-01,5733.318001302083,24,Normal,9.039756804166666,12.775635,0,False
patchtsmixer-hijri-L168,2025-03-29,4619.086523437501,24,Ramadan,14.621185291666668,18.550842,21,True
patchtsmixer-hijri-L168,2024-04-15,4469.546559244792,24,Normal,16.694583916666666,22.706299,0,False
patchtsmixer-hijri-L168,2024-12-31,3996.1100130208342,24,Normal,6.0685539375,9.424103,0,False
patchtsmixer-hijri-L168,2024-08-30,3811.1727799479163,24,Normal,24.544277249999997,28.727234,0,False
patchtsmixer-hijri-L168,2024-04-09,3748.4433626302084,24,Ramadan,13.446641333333332,17.4393,21,False
patchtsmixer-hijri-L168,2024-01-08,3687.094654947916,24,Normal,10.763132687499999,12.966949,0,False
patchtsmixer-hijri-L168,2024-04-08,3657.892246093749,24,Ramadan,12.643294062499999,16.420319,24,False
patchtsmixer-hijri-L168,2025-01-01,3655.986272786458,24,Normal,5.253238666666666,10.428192,0,False
